loss,val_loss
44.479460472695756,42.601435513092966
