loss,iteration,epoch,batch,time
1738.337890625,0,0,0,21.700135707855225
