loss,val_loss
44.74582058216966,42.19075828321914
