loss,val_loss
44.06550420550725,42.67621053922456
